{
  "bounding_polygon": [
    [
      -2,
      -2.0
    ],
    [
      33,
      -1
    ],
    [
      34,
      39
    ],
    [
      0,
      35
    ]
  ],
  "goal_positions": [
    [
      10.0,
      25.0
    ],
    [
      10.15192246987792,
      23.263518223330696
    ],
    [
      10.603073792140915,
      21.579798566743314
    ],
    [
      11.339745962155613,
      20.0
    ],
    [
      12.33955556881022,
      18.572123903134607
    ],
    [
      13.572123903134607,
      17.33955556881022
    ],
    [
      15.0,
      16.339745962155614
    ],
    [
      16.57979856674331,
      15.603073792140917
    ],
    [
      18.263518223330696,
      15.15192246987792
    ],
    [
      20.0,
      15.0
    ],
    [
      21.736481776669304,
      15.15192246987792
    ],
    [
      23.420201433256686,
      15.603073792140915
    ],
    [
      25.0,
      16.33974596215561
    ],
    [
      26.427876096865393,
      17.33955556881022
    ],
    [
      27.66044443118978,
      18.572123903134603
    ],
    [
      28.66025403784439,
      20.0
    ],
    [
      29.39692620785908,
      21.57979856674331
    ],
    [
      29.848077530122083,
      23.2635182233307
    ]
  ],
  "obstacle_1": [
    [
      10,
      10
    ],
    [
      12,
      10
    ],
    [
      12,
      13
    ],
    [
      10,
      12
    ]
  ],
  "obstacle_2": [
    [
      0,
      13
    ],
    [
      2.0,
      12.19
    ],
    [
      2,
      15
    ],
    [
      0,
      15
    ]
  ],
  "obstacle_3": [
    [
      10,
      0
    ],
    [
      12,
      0
    ],
    [
      12,
      3
    ],
    [
      10,
      2
    ]
  ],
  "obstacle_4": [
    [
      6,
      5
    ],
    [
      9,
      5
    ],
    [
      9,
      10
    ],
    [
      6,
      10
    ],
    [
      5,
      7
    ]
  ],
  "obstacle_5": [
    [
      2,
      1
    ],
    [
      4.5,
      1
    ],
    [
      3.5,
      2
    ]
  ],
  "start_positions": [
    [
      30.0,
      25.0
    ],
    [
      29.84807753012208,
      26.736481776669304
    ],
    [
      29.396926207859085,
      28.420201433256686
    ],
    [
      28.66025403784439,
      30.0
    ],
    [
      27.66044443118978,
      31.427876096865393
    ],
    [
      26.427876096865393,
      32.66044443118978
    ],
    [
      25.0,
      33.66025403784438
    ],
    [
      23.42020143325669,
      34.39692620785908
    ],
    [
      21.736481776669304,
      34.84807753012208
    ],
    [
      20.0,
      35.0
    ],
    [
      18.263518223330696,
      34.84807753012208
    ],
    [
      16.579798566743314,
      34.39692620785908
    ],
    [
      15.000000000000002,
      33.66025403784439
    ],
    [
      13.572123903134607,
      32.66044443118978
    ],
    [
      12.339555568810221,
      31.427876096865397
    ],
    [
      11.339745962155613,
      30.0
    ],
    [
      10.603073792140917,
      28.42020143325669
    ],
    [
      10.151922469877919,
      26.7364817766693
    ]
  ],
  "vehicle_L": 2,
  "vehicle_a_max": 1.3,
  "vehicle_dt": 0.1,
  "vehicle_omega_max": 1.0,
  "vehicle_phi_max": 0.6,
  "vehicle_t": 0,
  "vehicle_v_max": 1.1
}