{
  "bounding_polygon": [
    [
      -2,
      -2.0
    ],
    [
      43,
      -1
    ],
    [
      44,
      29
    ],
    [
      14,
      39
    ],
    [
      0,
      39
    ]
  ],
  "goal_positions": [
    [
      4.383300745447082,
      38.27304793436267
    ],
    [
      22.271445819763727,
      8.414763473276038
    ],
    [
      20.55181923528959,
      33.32716287798184
    ],
    [
      10.595752456546878,
      15.234536991243363
    ],
    [
      41.61919169883655,
      13.634123416465613
    ],
    [
      22.63550597156346,
      0.8286578665470112
    ]
  ],
  "obstacle_1": [
    [
      20,
      10
    ],
    [
      22,
      10
    ],
    [
      22,
      13
    ],
    [
      20,
      12
    ]
  ],
  "obstacle_10": [
    [
      5,
      30
    ],
    [
      9.5,
      26
    ],
    [
      8.5,
      22
    ]
  ],
  "obstacle_2": [
    [
      15,
      13
    ],
    [
      19.0,
      13
    ],
    [
      19,
      25
    ],
    [
      15,
      25
    ]
  ],
  "obstacle_3": [
    [
      20,
      0
    ],
    [
      22,
      0
    ],
    [
      22,
      3
    ],
    [
      20,
      2
    ]
  ],
  "obstacle_4": [
    [
      26,
      25
    ],
    [
      29,
      25
    ],
    [
      29,
      30
    ],
    [
      26,
      30
    ],
    [
      25,
      27
    ]
  ],
  "obstacle_5": [
    [
      12,
      26
    ],
    [
      19.5,
      26
    ],
    [
      13.5,
      37
    ]
  ],
  "obstacle_6": [
    [
      6,
      6
    ],
    [
      11.5,
      6
    ],
    [
      8.5,
      12
    ]
  ],
  "obstacle_7": [
    [
      21,
      16
    ],
    [
      25.5,
      16
    ],
    [
      22.5,
      8
    ]
  ],
  "obstacle_8": [
    [
      25,
      6
    ],
    [
      29,
      6
    ],
    [
      27,
      10
    ]
  ],
  "obstacle_9": [
    [
      5,
      17
    ],
    [
      10,
      16
    ],
    [
      5,
      25
    ]
  ],
  "points_of_interest": [
    [
      23.903413671299916,
      34.77202169014504
    ],
    [
      31.502929719768964,
      20.606847684071603
    ],
    [
      32.8225070351321,
      23.709604665377793
    ],
    [
      20.01365064860493,
      15.014745895473133
    ],
    [
      42.80245653658358,
      25.023101150997917
    ],
    [
      -0.9175597128963406,
      3.0007601349174786
    ],
    [
      38.92753221162825,
      11.253495078601249
    ],
    [
      38.468141092088445,
      23.80615440236204
    ],
    [
      15.549187024110633,
      37.66113492126961
    ],
    [
      13.031288212445704,
      17.5489388134932
    ],
    [
      25.82151007500359,
      4.803688797041341
    ],
    [
      36.128151484811255,
      1.7980481173605711
    ],
    [
      -0.6093982528095703,
      5.082203609767193
    ],
    [
      1.6147831240581292,
      15.405257197066554
    ],
    [
      21.52928537055906,
      34.13484976801357
    ],
    [
      3.9044295642323297,
      24.13298908302923
    ],
    [
      4.24936121457854,
      10.100576648637514
    ],
    [
      11.985795309416641,
      35.64736505259896
    ],
    [
      4.793268532317311,
      5.896248225272791
    ],
    [
      4.199457208110324,
      4.675696037191928
    ],
    [
      22.394494025588198,
      18.510535381851877
    ],
    [
      17.064801552360123,
      37.477530719245486
    ],
    [
      30.099654415561787,
      18.77125750215466
    ],
    [
      12.081312724540162,
      19.297863680719797
    ],
    [
      24.535886344214624,
      10.758512849297025
    ],
    [
      1.1867847702622365,
      14.155434434324196
    ],
    [
      17.34251768085117,
      35.11626467376159
    ],
    [
      33.61626919560748,
      26.835089823989517
    ],
    [
      39.52643912077777,
      18.530940773578507
    ],
    [
      10.495476245471966,
      2.9811705073599377
    ]
  ],
  "start_positions": [
    [
      33.901178467208574,
      15.899713445803297
    ],
    [
      5.358429676737635,
      10.481314798647599
    ],
    [
      7.318857884036287,
      9.615604300535823
    ],
    [
      6.42925180120276,
      24.288347946878044
    ],
    [
      37.105559035148815,
      2.1465839590268185
    ],
    [
      33.00176947754705,
      3.509202265316781
    ]
  ],
  "vehicle_L": 2,
  "vehicle_a_max": 1.3,
  "vehicle_dt": 0.1,
  "vehicle_omega_max": 1.0,
  "vehicle_phi_max": 0.6,
  "vehicle_t": 0,
  "vehicle_v_max": 2.1
}