{
  "bounding_polygon": [
    [
      -2,
      -2.0
    ],
    [
      43,
      -1
    ],
    [
      44,
      50
    ],
    [
      14,
      39
    ],
    [
      0,
      39
    ]
  ],
  "goal_positions": [
    [
      1.383300745447082,
      1.27304793436267
    ],
    [
      1.271445819763727,
      2.414763473276038
    ],
    [
      1.55181923528959,
      3.32716287798184
    ],
    [
      1.595752456546878,
      4.234536991243363
    ]
  ],
  "obstacle_1": [
    [
      10,
      0
    ],
    [
      12,
      0
    ],
    [
      12,
      30
    ],
    [
      10,
      30
    ]
  ],
  "obstacle_2": [
    [
      15,
      0
    ],
    [
      17,
      0
    ],
    [
      17,
      30
    ],
    [
      15,
      30
    ]
  ],
  "obstacle_3": [
    [
      20,
      0
    ],
    [
      22,
      0
    ],
    [
      22,
      30
    ],
    [
      20,
      30
    ]
  ],
  "obstacle_4": [
    [
      25,
      0
    ],
    [
      27,
      0
    ],
    [
      27,
      30
    ],
    [
      25,
      30
    ]
  ],
  "obstacle_5": [
    [
      10,
      35
    ],
    [
      40,
      35
    ],
    [
      40,
      37
    ],
    [
      10,
      37
    ]
  ],
  "points_of_interest": [
    [
      41.68406046441597,
      28.666695527949166
    ],
    [
      27.40229317049132,
      4.5340844267059195
    ],
    [
      34.452626560121466,
      13.651661919160778
    ],
    [
      4.526259205220758,
      23.749169864593703
    ],
    [
      21.436503382333633,
      -0.8094571441577143
    ],
    [
      17.847116758488973,
      11.76406741832959
    ],
    [
      13.207015737572366,
      28.33631373683123
    ],
    [
      9.64930021261229,
      23.13706502455142
    ],
    [
      9.80552359992901,
      29.22837024219509
    ],
    [
      14.343305293231786,
      2.402712992057669
    ],
    [
      4.136288282843582,
      10.632801784281051
    ],
    [
      33.58735543311748,
      0.28929296551962347
    ],
    [
      28.779713170428536,
      14.689982226496948
    ],
    [
      37.614596416164936,
      21.011154389862543
    ],
    [
      17.595339314833478,
      34.56722834513948
    ],
    [
      9.999594206444238,
      6.317917959635745
    ],
    [
      30.621492244508374,
      15.996227339059907
    ],
    [
      8.802958814073746,
      30.455133788205693
    ],
    [
      28.64672650090997,
      26.676020028487716
    ],
    [
      13.64672650090997,
      15.676020028487716
    ],
    [
      18.64672650090997,
      15.676020028487716
    ],
    [
      23.64672650090997,
      15.676020028487716
    ],
    [
      13.64672650090997,
      18.676020028487716
    ],
    [
      18.64672650090997,
      15.676020028487716
    ],
    [
      23.64672650090997,
      22.676020028487716
    ],
    [
      40.64672650090997,
      42.67602002848771
    ],
    [
      20.64672650090997,
      40.67602002848771
    ],
    [
      34.4060521711241,
      29.72558328009143
    ]
  ],
  "start_positions": [
    [
      36.901178467208574,
      41.8997134458033
    ],
    [
      38.358429676737636,
      41.4813147986476
    ],
    [
      40.318857884036284,
      41.61560430053582
    ],
    [
      34.42925180120276,
      41.28834794687804
    ]
  ],
  "vehicle_L": 2,
  "vehicle_a_max": 1.3,
  "vehicle_dt": 0.1,
  "vehicle_omega_max": 1.0,
  "vehicle_phi_max": 0.6,
  "vehicle_t": 0,
  "vehicle_v_max": 2.1
}